GEOGRAFITYPEAHEAD,GEOGRAFILISTE
Gol,NO06.0617
Hem,NO06.0618
%C3%85l,NO06.0619
Hol,NO06.0620
Sig,NO06.0621
Kr%C3%B8,NO06.0622
Mod,NO06.0623
%C3%98vr,NO06.0624
Ned,NO06.0625
Lie,NO06.0626
R%C3%B8y,NO06.0627
Hur,NO06.0628
Fle,NO06.0631
Rol,NO06.0632
Nor,NO06.0633
Hor,NO07.0701
T%C3%B8n,NO07.0704
Sve,NO07.0711
San,NO07.0713
Re,NO07.0716
Por,NO08.0805
Ski,NO08.0806
Not,NO08.0807
Sil,NO08.0811
Bam,NO08.0814
Kra,NO08.0815
Dra,NO08.0817
Nom,NO08.0819
B%C3%B8,NO08.0821
Sau,NO08.0822
Tin,NO08.0826
Hja,NO08.0827
Sel,NO08.0828
Kvi,NO08.0829
Nis,NO08.0830
Fyr,NO08.0831
Tok,NO08.0833
Vin,NO08.0834
Ris,NO09.0901
Gri,NO09.0904
Are,NO09.0906
Gje,NO09.0911
Veg,NO09.0912
Tve,NO09.0914
Fro,NO09.0919
Lil,NO09.0926
Bir,NO09.0928
%C3%85ml,NO09.0929
Ive,NO09.0935
Evj,NO09.0937
Byg,NO09.0938
Val,NO09.0940
Byk,NO09.0941
Kri,NO10.1001
Man,NO10.1002
Far,NO10.1003
Fle,NO10.1004
Ven,NO10.1014
Hal,NO01.0101
%C3%98st,NO01
Ake,NO02
Osl,NO03
Hed,NO04
Opp,NO05
Bus,NO06
Ves,NO07
Tel,NO08
Aus,NO09
Ves,NO10
Rog,NO11
Hor,NO12
Sog,NO14
M%C3%B8r,NO15
Nor,NO18
Tro,NO19
Fin,NO20
Bod,NO18.1804
Nar,NO18.1805
Bin,NO18.1811
S%C3%B8m,NO18.1812
Br%C3%B8,NO18.1813
Veg,NO18.1815
Vev,NO18.1816
Her,NO18.1818
Als,NO18.1820
Lei,NO18.1822
Vef,NO18.1824
Gra,NO18.1825
Hat,NO18.1826
D%C3%B8n,NO18.1827
Nes,NO18.1828
Hem,NO18.1832
Ran,NO18.1833
Lur,NO18.1834
Tr%C3%A6,NO18.1835
R%C3%B8d,NO18.1836
Mel,NO18.1837
Gil,NO18.1838
Bei,NO18.1839
Sal,NO18.1840
Fau,NO18.1841
S%C3%B8r,NO18.1845
Ste,NO18.1848
Ham,NO18.1849
Tys,NO18.1850
L%C3%B8d,NO18.1851
Tje,NO18.1852
Eve,NO18.1853
Bal,NO18.1854
R%C3%B8s,NO18.1856
V%C3%A6r,NO18.1857
Fla,NO18.1859
Ves,NO18.1860
V%C3%A5g,NO18.1865
Had,NO18.1866
B%C3%B8,NO18.1867
%C3%98ks,NO18.1868
Sor,NO18.1870
And,NO18.1871
Mos,NO18.1874
Tro,NO19.1902
Kv%C3%A6,NO19.1911
Sk%C3%A5,NO19.1913
Ibe,NO19.1917
Gra,NO19.1919
Lav,NO19.1920
Bar,NO19.1922
Sal,NO19.1923
M%C3%A5l,NO19.1924
S%C3%B8r,NO19.1925
Dyr,NO19.1926
Tra,NO19.1927
Tor,NO19.1928
Ber,NO19.1929
Len,NO19.1931
Bal,NO19.1933
Kar,NO19.1936
Lyn,NO19.1938
Sto,NO19.1939
K%C3%A5f,NO19.1940
Skj,NO19.1941
Nor,NO19.1942
Kv%C3%A6,NO19.1943
Var,NO20.2002
Vad,NO20.2003
Ham,NO20.2004
Guo,NO20.2011
Alt,NO20.2012
Lop,NO20.2014
Has,NO20.2015
Kva,NO20.2017
M%C3%A5s,NO20.2018
Nor,NO20.2019
Por,NO20.2020
Kar,NO20.2021
Leb,NO20.2022
Gam,NO20.2023
Ber,NO20.2024
Dea,NO20.2025
Unj,NO20.2027
B%C3%A5t,NO20.2028
S%C3%B8r,NO20.2030
Sva,NO99.2100
Lon,NO99.2111
Bj%C3%B8,NO99.2121
Hop,NO99.2131
Nor,NO99.2201
Jan,NO99.2211
Sok,NO99.2311
Sok,NO99.2321
S%C3%B8g,NO10.1018
Mar,NO10.1021
%C3%85se,NO10.1026
Aud,NO10.1027
Lin,NO10.1029
Lyn,NO10.1032
H%C3%A6g,NO10.1034
Kvi,NO10.1037
Sir,NO10.1046
Eig,NO11.1101
San,NO11.1102
Sta,NO11.1103
Hau,NO11.1106
Sok,NO11.1111
Lun,NO11.1112
Bje,NO11.1114
H%C3%A5,NO11.1119
Kle,NO11.1120
Tim,NO11.1121
Gje,NO11.1122
Sol,NO11.1124
Ran,NO11.1127
For,NO11.1129
Str,NO11.1130
Hje,NO11.1133
Sul,NO11.1134
Sau,NO11.1135
Fin,NO11.1141
Ren,NO11.1142
Kvi,NO11.1144
Bok,NO11.1145
Tys,NO11.1146
Kar,NO11.1149
Uts,NO11.1151
Ber,NO12.1201
Etn,NO12.1211
Sve,NO12.1216
B%C3%B8m,NO12.1219
Sto,NO12.1221
Fit,NO12.1222
Tys,NO12.1223
Kvi,NO12.1224
Jon,NO12.1227
Odd,NO12.1228
Ull,NO12.1231
Eid,NO12.1232
Ulv,NO12.1233
Gra,NO12.1234
Vos,NO12.1235
Kva,NO12.1238
Fus,NO12.1241
Sam,NO12.1242
Os,NO12.1243
Aus,NO12.1244
Sun,NO12.1245
Fje,NO12.1246
Ask,NO12.1247
Vak,NO12.1251
Mod,NO12.1252
Ost,NO12.1253
Mel,NO12.1256
%C3%98yg,NO12.1259
Rad,NO12.1260
Lin,NO12.1263
Aus,NO12.1264
Fed,NO12.1265
Mas,NO12.1266
Flo,NO14.1401
Gul,NO14.1411
Sol,NO14.1412
Hyl,NO14.1413
H%C3%B8y,NO14.1416
Vik,NO14.1417
Bal,NO14.1418
Lei,NO14.1419
Sog,NO14.1420
Aur,NO14.1421
L%C3%A6r,NO14.1422
%C3%85rd,NO14.1424
Lus,NO14.1426
Ask,NO14.1428
Fja,NO14.1429
Gau,NO14.1430
J%C3%B8l,NO14.1431
F%C3%B8r,NO14.1432
Nau,NO14.1433
Bre,NO14.1438
V%C3%A5g,NO14.1439
Sel,NO14.1441
Eid,NO14.1443
Hor,NO14.1444
Glo,NO14.1445
Str,NO14.1449
Mol,NO15.1502
%C3%85le,NO15.1504
Van,NO15.1511
San,NO15.1514
Her,NO15.1515
Uls,NO15.1516
Har,NO15.1517
Vol,NO15.1519
%C3%98rs,NO15.1520
%C3%98rs,NO15.1523
Nor,NO15.1524
Str,NO15.1525
Sto,NO15.1526
Syk,NO15.1528
Sko,NO15.1529
Sul,NO15.1531
Gis,NO15.1532
Har,NO15.1534
Ves,NO15.1535
Rau,NO15.1539
Nes,NO15.1543
Mid,NO15.1545
San,NO15.1546
Auk,NO15.1547
Fr%C3%A6,NO15.1548
Eid,NO15.1551
Ave,NO15.1554
Gje,NO15.1557
Tin,NO15.1560
Sun,NO15.1563
Sur,NO15.1566
Rin,NO15.1567
Hal,NO15.1571
Sm%C3%B8,NO15.1573
Son,NO10.1017
Mos,NO01.0104
Sar,NO01.0105
Fre,NO01.0106
Hva,NO01.0111
Are,NO01.0118
Mar,NO01.0119
R%C3%B8m,NO01.0121
Tr%C3%B8,NO01.0122
Spy,NO01.0123
Ask,NO01.0124
Eid,NO01.0125
Ski,NO01.0127
Rak,NO01.0128
R%C3%A5d,NO01.0135
Ryg,NO01.0136
V%C3%A5l,NO01.0137
Hob,NO01.0138
Ves,NO02.0211
Ski,NO02.0213
%C3%85s,NO02.0214
Fro,NO02.0215
Nes,NO02.0216
Opp,NO02.0217
B%C3%A6r,NO02.0219
Ask,NO02.0220
Aur,NO02.0221
S%C3%B8r,NO02.0226
Fet,NO02.0227
R%C3%A6l,NO02.0228
Ene,NO02.0229
L%C3%B8r,NO02.0230
Ske,NO02.0231
Nit,NO02.0233
Gje,NO02.0234
Ull,NO02.0235
Nes,NO02.0236
Eid,NO02.0237
Nan,NO02.0238
Hur,NO02.0239
Osl,NO03.0301
Kon,NO04.0402
Ham,NO04.0403
Rin,NO04.0412
L%C3%B8t,NO04.0415
Sta,NO04.0417
Nor,NO04.0418
S%C3%B8r,NO04.0419
Eid,NO04.0420
Gru,NO04.0423
%C3%85sn,NO04.0425
V%C3%A5l,NO04.0426
Elv,NO04.0427
Try,NO04.0428
%C3%85mo,NO04.0429
Sto,NO04.0430
Ren,NO04.0432
Eng,NO04.0434
Tol,NO04.0436
Tyn,NO04.0437
Alv,NO04.0438
Fol,NO04.0439
Os,NO04.0441
Lil,NO05.0501
Gj%C3%B8,NO05.0502
Dov,NO05.0511
Les,NO05.0512
Skj,NO05.0513
Lom,NO05.0514
V%C3%A5g,NO05.0515
Nor,NO05.0516
Sel,NO05.0517
S%C3%B8r,NO05.0519
Rin,NO05.0520
%C3%98ye,NO05.0521
Gau,NO05.0522
%C3%98st,NO05.0528
Ves,NO05.0529
Jev,NO05.0532
Lun,NO05.0533
Gra,NO05.0534
S%C3%B8n,NO05.0536
Nor,NO05.0538
S%C3%B8r,NO05.0540
Etn,NO05.0541
Nor,NO05.0542
Ves,NO05.0543
%C3%98ys,NO05.0544
Van,NO05.0545
Dra,NO06.0602
Kon,NO06.0604
Rin,NO06.0605
Hol,NO06.0612
Fl%C3%A5,NO06.0615
Nes,NO06.0616
Osl,NO03.03011
Osl,NO03.03012
Osl,NO03.03013
Osl,NO03.03014
Osl,NO03.03015
Osl,NO03.03016
Osl,NO03.03017
Osl,NO03.03018
Osl,NO03.03019
Osl,NO03.03010
Osl,NO03.030111
Osl,NO03.030112
Osl,NO03.030113
Osl,NO03.030114
Osl,NO03.030115
Fol,NO03.2101
%C3%98vr,NO99
Aur,NO15.1576
Vin,NO11.1160
Kri,NO15.1505
Ber,NO12.1201.1
Ber,NO12.1201.2
Ber,NO12.1201.3
Ber,NO12.1201.4
Ber,NO12.1201.5
Ber,NO12.1201.6
Ber,NO12.1201.7
Ber,NO12.1201.8
Sta,NO11.1103.1
Sta,NO11.1103.2
Sta,NO11.1103.3
Sta,NO11.1103.4
Har,NO19.1903
OLJ,NO11.2312
Kil,NO99.2435
Bil,NO99.2390
San,NO07.0710
Ny-,NO99.2112
Bar,NO99.2113
Sve,NO99.2115
Tr%C3%B8,NO50
Tro,NO50.5001
Ste,NO50.5004
Nam,NO50.5005
Hem,NO50.5011
Sni,NO50.5012
Hit,NO50.5013
Fr%C3%B8,NO50.5014
%C3%98rl,NO50.5015
Agd,NO50.5016
Bju,NO50.5017
%C3%85fj,NO50.5018
Roa,NO50.5019
Ose,NO50.5020
Opp,NO50.5021
Ren,NO50.5022
Mel,NO50.5023
Ork,NO50.5024
R%C3%B8r,NO50.5025
Hol,NO50.5026
Mid,NO50.5027
Mel,NO50.5028
Ska,NO50.5029
Kl%C3%A6,NO50.5030
Mal,NO50.5031
Sel,NO50.5032
Tyd,NO50.5033
Mer,NO50.5034
Stj,NO50.5035
Fro,NO50.5036
Lev,NO50.5037
Ver,NO50.5038
Ver,NO50.5039
Nam,NO50.5040
Sn%C3%A5,NO50.5041
Lie,NO50.5042
R%C3%B8y,NO50.5043
Nam,NO50.5044
Gro,NO50.5045
H%C3%B8y,NO50.5046
Ove,NO50.5047
Fos,NO50.5048
Fla,NO50.5049
Vik,NO50.5050
N%C3%A6r,NO50.5051
Lek,NO50.5052
Ind,NO50.5053
Ind,NO50.5054
Lar,NO07.0712
Hol,NO07.0715
F%C3%A6r,NO07.0729
Tro,NO50.50011
Tro,NO50.50012
Tro,NO50.50013
Tro,NO50.50014
